Global_active_power,Global_intensity,Sub_metering_1,Sub_metering_2,Sub_metering_3,Sub_total,Apparent_power,Power_factor,month,hour,day_of_week
0.27,1.4,0.0,2.0,0.0,2.0,0.339178,0.796042196133004,9,7,6
0.396,1.8,0.0,1.0,1.0,2.0,0.43407,0.9122952519178934,10,4,2
1.038,4.4,0.0,2.0,1.0,3.0,1.0359360000000002,1.0,11,18,0
1.356,5.6,0.0,0.0,18.0,18.0,1.354808,1.0,12,10,2
1.434,5.8,0.0,0.0,19.0,19.0,1.422914,1.0,3,3,4
1.172,5.0,0.0,0.0,0.0,0.0,1.18345,0.9903248975453124,5,20,3
2.686,11.2,0.0,0.0,18.0,18.0,2.6710879999999997,1.0,5,19,5
2.694,11.2,39.0,0.0,0.0,39.0,2.680496,1.0,4,19,0
0.324,1.6,0.0,2.0,1.0,3.0,0.386096,0.8391695329658946,6,14,4
0.484,2.2,0.0,2.0,1.0,3.0,0.5281980000000001,0.9163230455245948,5,6,5
1.368,5.6,0.0,0.0,18.0,18.0,1.334368,1.0,6,18,3
0.468,2.2,0.0,1.0,0.0,1.0,0.532158,0.8794380616283134,4,5,5
0.162,0.8,0.0,1.0,1.0,2.0,0.192104,0.843293216174572,8,11,6
1.4,5.6,0.0,0.0,18.0,18.0,1.3605199999999995,1.0,12,14,6
0.6,3.0,0.0,0.0,0.0,0.0,0.7017,0.8550662676357418,6,21,0
1.028,4.4,0.0,0.0,0.0,0.0,1.0283680000000002,0.9996421514477306,2,18,6
0.262,1.2,0.0,0.0,0.0,0.0,0.288192,0.9091161447923608,10,3,1
0.258,1.4,0.0,0.0,1.0,1.0,0.336014,0.7678251501425537,8,19,3
1.534,6.4,0.0,0.0,17.0,17.0,1.5105280000000003,1.0,9,9,5
0.82,3.6,0.0,6.0,1.0,7.0,0.8629560000000001,0.9502222593040665,5,12,2
0.558,2.2,0.0,1.0,0.0,1.0,0.529254,1.0,10,19,4
2.916,12.0,1.0,0.0,18.0,19.0,2.87376,1.0,11,20,0
1.954,8.0,0.0,0.0,28.0,28.0,1.92144,1.0,5,17,4
0.742,3.6,0.0,0.0,9.0,9.0,0.8706240000000001,0.8522622854412467,7,13,0
0.176,0.8,0.0,1.0,0.0,1.0,0.190264,0.9250304839591303,9,2,6
0.318,1.2,0.0,1.0,1.0,2.0,0.299388,1.0,2,15,0
1.334,5.4,0.0,0.0,18.0,18.0,1.299942,1.0,4,9,1
0.21,0.8,0.0,0.0,0.0,0.0,0.19136,1.0,2,11,6
5.94,24.8,39.0,0.0,17.0,56.0,5.940592,0.9999003466321202,1,2,6
0.294,1.2,0.0,0.0,0.0,0.0,0.288012,1.0,4,4,3
0.25,1.0,0.0,0.0,1.0,1.0,0.2413,1.0,6,4,1
1.478,6.0,0.0,0.0,18.0,18.0,1.4679,1.0,1,3,1
1.364,5.6,0.0,0.0,18.0,18.0,1.341032,1.0,9,19,5
2.7,11.2,0.0,0.0,29.0,29.0,2.721936,0.9919410302079108,11,7,3
1.678,6.8,0.0,0.0,17.0,17.0,1.645124,1.0,1,9,2
0.318,1.6,0.0,0.0,0.0,0.0,0.385888,0.8240733062442989,9,13,5
0.226,1.0,0.0,0.0,0.0,0.0,0.24209,0.933537114296336,10,1,6
0.232,1.0,0.0,0.0,1.0,1.0,0.24022,0.9657813670801766,9,5,0
0.16,0.6,0.0,0.0,0.0,0.0,0.1451219999999999,1.0,5,6,5
1.418,5.8,0.0,0.0,18.0,18.0,1.4055140000000002,1.0,4,23,6
0.21,1.0,0.0,1.0,0.0,1.0,0.24197,0.8678761829978923,6,21,5
1.432,6.0,2.0,0.0,18.0,20.0,1.43082,1.0,6,10,5
0.422,2.0,0.0,1.0,1.0,2.0,0.48566,0.8689206440719844,3,14,5
0.558,3.2,0.0,0.0,0.0,0.0,0.7766080000000001,0.7185092092793275,7,19,0
1.55,6.4,0.0,1.0,18.0,19.0,1.555584,0.9964103513535753,4,14,6
0.386,1.6,0.0,0.0,1.0,1.0,0.386448,0.9988407237196208,4,23,4
1.096,4.8,0.0,1.0,12.0,13.0,1.1423039999999998,0.9594643807602884,7,6,4
0.55,2.2,0.0,0.0,1.0,1.0,0.535348,1.0,7,23,6
1.47,6.0,0.0,0.0,19.0,19.0,1.46262,1.0,1,11,0
1.178,4.8,0.0,0.0,18.0,18.0,1.136784,1.0,9,19,4
0.29,1.4,0.0,2.0,0.0,2.0,0.3428459999999999,0.8458608238101073,7,0,2
0.268,1.2,0.0,0.0,1.0,1.0,0.289464,0.9258491556808448,8,2,1
0.394,1.8,0.0,1.0,1.0,2.0,0.440892,0.8936428876005915,12,5,2
0.224,1.0,0.0,1.0,1.0,2.0,0.24117,0.9288054069743334,8,0,2
0.276,1.2,0.0,1.0,0.0,1.0,0.29172,0.9461127108185932,9,13,6
2.646,11.0,38.0,0.0,1.0,39.0,2.6374700000000004,1.0,10,12,2
0.112,0.4,0.0,0.0,0.0,0.0,0.096056,1.0,6,2,2
1.356,5.6,0.0,0.0,18.0,18.0,1.3426559999999998,1.0,10,8,1
1.318,5.4,0.0,0.0,1.0,1.0,1.3270500000000005,0.9931803624580836,10,22,6
1.422,5.8,1.0,0.0,18.0,19.0,1.388172,1.0,10,15,5
0.254,1.4,0.0,0.0,0.0,0.0,0.335958,0.7560468868132326,8,10,5
0.386,1.6,0.0,0.0,1.0,1.0,0.390608,0.988203006594847,4,0,4
1.678,6.8,0.0,0.0,18.0,18.0,1.650972,1.0,1,23,2
0.392,2.2,0.0,1.0,1.0,2.0,0.5336320000000001,0.7345886303669944,7,12,1
5.138,21.8,0.0,72.0,0.0,72.0,5.140004,0.9996101170349284,2,12,6
0.352,1.4,0.0,0.0,1.0,1.0,0.33726,1.0,11,0,0
1.502,6.2,1.0,0.0,17.0,18.0,1.4834740000000002,1.0,3,8,4
0.418,2.0,0.0,0.0,0.0,0.0,0.4816999999999999,0.8677600166078473,6,4,2
1.54,6.4,1.0,1.0,18.0,20.0,1.5431040000000005,0.9979884699929492,7,20,2
0.218,0.8,0.0,0.0,0.0,0.0,0.193984,1.0,2,16,2
0.362,1.6,0.0,1.0,0.0,1.0,0.385056,0.9401229950968168,3,5,1
1.416,5.8,0.0,0.0,18.0,18.0,1.385388,1.0,12,9,3
0.36,1.8,0.0,1.0,1.0,2.0,0.430326,0.8365750616974107,6,11,1
0.168,0.8,0.0,2.0,0.0,2.0,0.191616,0.8767535070140281,8,14,4
0.276,1.2,0.0,1.0,0.0,1.0,0.29568,0.9334415584415584,9,0,5
1.474,6.0,0.0,0.0,18.0,18.0,1.46874,1.0,12,20,5
1.52,6.2,0.0,2.0,18.0,20.0,1.491348,1.0,3,10,0
2.068,8.4,0.0,2.0,19.0,21.0,2.0498520000000005,1.0,10,22,2
3.018,12.8,0.0,0.0,17.0,17.0,3.0094080000000005,1.0,11,17,6
0.25,1.0,0.0,0.0,1.0,1.0,0.2418199999999999,1.0,5,5,1
0.664,2.8,0.0,0.0,1.0,1.0,0.678608,0.9784735812133072,5,22,4
1.93,8.0,0.0,0.0,18.0,18.0,1.93616,0.9968184447566316,4,22,6
1.332,5.4,1.0,0.0,1.0,2.0,1.322892,1.0,10,22,2
1.83,7.6,0.0,0.0,20.0,20.0,1.877504,0.9746983228797385,12,15,4
0.722,3.4,1.0,1.0,0.0,2.0,0.817904,0.882744185136642,5,20,3
1.392,5.8,0.0,0.0,19.0,19.0,1.383184,1.0,5,8,0
1.124,4.8,0.0,0.0,0.0,0.0,1.1593919999999998,0.969473655157186,12,18,2
0.274,1.0,0.0,0.0,1.0,1.0,0.2445699999999999,1.0,4,3,1
0.448,1.8,0.0,0.0,1.0,1.0,0.439668,1.0,3,4,1
0.35,1.4,0.0,0.0,1.0,1.0,0.338562,1.0,4,7,0
2.454,10.2,0.0,0.0,18.0,18.0,2.453814,1.0,12,11,5
1.29,5.2,0.0,0.0,18.0,18.0,1.257568,1.0,3,4,4
4.168,17.4,0.0,19.0,19.0,38.0,4.196357999999999,0.9932422352906976,12,17,3
0.336,1.4,0.0,1.0,0.0,1.0,0.335524,1.0,11,6,1
0.354,1.6,0.0,0.0,0.0,0.0,0.387472,0.9136144031052568,2,5,5
2.816,12.0,0.0,0.0,17.0,17.0,2.81436,1.0,10,18,1
1.442,6.2,0.0,0.0,1.0,1.0,1.47653,0.9766140884370788,10,21,3
0.694,2.8,0.0,0.0,1.0,1.0,0.6700959999999999,1.0,2,18,1
0.22,1.0,0.0,0.0,0.0,0.0,0.23682,0.9289755932775948,5,14,1
0.226,1.0,0.0,0.0,0.0,0.0,0.23936,0.9441844919786097,3,12,3
2.826,12.6,36.0,0.0,1.0,37.0,3.0291659999999996,0.9329300540148676,6,19,1
0.224,1.2,0.0,0.0,0.0,0.0,0.289584,0.7735233990828223,6,8,1
0.098,0.4,0.0,0.0,0.0,0.0,0.095444,1.0,6,2,1
0.264,1.4,0.0,0.0,0.0,0.0,0.336168,0.7853216249018348,8,18,1
0.438,2.2,0.0,0.0,0.0,0.0,0.516274,0.848386709383002,8,7,0
0.08,0.2,0.0,0.0,0.0,0.0,0.048164,1.0,8,16,2
0.336,1.4,0.0,0.0,0.0,0.0,0.340228,0.9875730392560282,11,6,1
1.6,6.8,0.0,1.0,0.0,1.0,1.584672,1.0,11,18,5
0.328,1.4,0.0,0.0,0.0,0.0,0.338772,0.9682028030651884,2,1,1
0.386,1.6,2.0,0.0,0.0,2.0,0.390816,0.9876770654220912,6,21,3
0.314,1.4,0.0,0.0,0.0,0.0,0.337778,0.929604651575887,2,4,5
0.342,1.4,0.0,0.0,0.0,0.0,0.3384079999999999,1.0,4,4,4
0.268,1.0,0.0,0.0,1.0,1.0,0.24271,1.0,11,4,0
0.322,1.4,0.0,0.0,0.0,0.0,0.333018,0.966914701307437,4,6,1
0.08,0.2,0.0,0.0,1.0,1.0,0.048328,1.0,8,12,5
0.214,0.8,0.0,0.0,1.0,1.0,0.195152,1.0,6,1,1
0.35,1.8,0.0,0.0,0.0,0.0,0.432486,0.8092747510902086,6,18,0
0.302,1.2,0.0,0.0,1.0,1.0,0.292896,1.0,3,17,1
1.156,4.8,0.0,0.0,17.0,17.0,1.14528,1.0,8,11,4
1.34,5.6,0.0,0.0,17.0,17.0,1.341592,0.9988133501094224,1,9,2
0.294,1.2,0.0,0.0,0.0,0.0,0.291444,1.0,3,7,5
0.288,1.2,0.0,2.0,0.0,2.0,0.287472,1.0,9,6,4
0.336,1.6,0.0,0.0,1.0,1.0,0.38296,0.8773762272822226,7,5,0
1.406,5.8,0.0,0.0,0.0,0.0,1.381908,1.0,12,19,0
0.344,1.4,0.0,0.0,0.0,0.0,0.3409,1.0,5,1,3
0.476,2.6,0.0,2.0,4.0,6.0,0.62985,0.7557354925775978,9,3,2
1.29,5.4,0.0,18.0,0.0,18.0,1.2743460000000002,1.0,5,19,2
0.146,0.6,0.0,0.0,1.0,1.0,0.1454399999999999,1.0,9,1,1
0.408,2.0,0.0,1.0,0.0,1.0,0.46892,0.8700844493730273,6,3,3
0.296,1.2,0.0,1.0,0.0,1.0,0.294852,1.0,3,9,6
0.302,1.2,0.0,0.0,0.0,0.0,0.291504,1.0,11,3,4
1.324,5.4,0.0,0.0,18.0,18.0,1.324944,0.9992875170573248,12,16,0
0.332,1.4,0.0,0.0,0.0,0.0,0.3383239999999999,0.9813078587389604,12,1,0
0.34,1.6,0.0,2.0,0.0,2.0,0.383312,0.8870058855449348,6,0,3
1.092,4.6,0.0,0.0,16.0,16.0,1.066694,1.0,8,13,3
1.768,7.4,0.0,0.0,18.0,18.0,1.7557980000000002,1.0,11,13,5
4.746,20.2,0.0,21.0,17.0,38.0,4.780532,0.9927765361679411,12,20,3
1.632,6.8,1.0,0.0,18.0,19.0,1.645532,0.9917765196908964,4,13,1
0.404,2.2,0.0,1.0,1.0,2.0,0.52822,0.7648328348036803,7,10,2
1.124,4.8,0.0,0.0,0.0,0.0,1.1489280000000002,0.9783032531194296,7,0,6
0.272,1.2,0.0,0.0,0.0,0.0,0.294036,0.9250567957665048,3,0,1
1.024,4.4,0.0,1.0,0.0,1.0,1.064976,0.96152401556467,1,20,0
0.356,1.6,0.0,0.0,1.0,1.0,0.389056,0.9150353676591544,1,4,4
0.336,1.4,0.0,0.0,1.0,1.0,0.3383379999999999,0.9930897504862004,10,4,6
0.082,0.2,0.0,0.0,0.0,0.0,0.048418,1.0,8,12,2
0.364,1.6,0.0,0.0,1.0,1.0,0.384624,0.946378801114855,10,5,2
0.228,1.0,0.0,0.0,0.0,0.0,0.23745,0.960202147820594,3,18,6
1.242,5.2,0.0,0.0,0.0,0.0,1.255228,0.9894616754884372,2,20,1
0.18,0.8,0.0,0.0,1.0,1.0,0.193648,0.9295216062133356,6,0,0
1.786,7.4,0.0,0.0,18.0,18.0,1.767046,1.0,4,7,1
0.208,1.0,0.0,0.0,0.0,0.0,0.2439,0.8528085280852808,6,17,0
0.324,1.4,0.0,0.0,1.0,1.0,0.340452,0.951676007190441,10,14,0
0.136,0.6,0.0,0.0,1.0,1.0,0.14403,0.9442477261681596,6,3,0
0.144,0.6,0.0,0.0,1.0,1.0,0.144018,0.999875015623047,7,10,5
0.632,2.8,0.0,0.0,0.0,0.0,0.678832,0.9310109128620926,10,11,4
0.134,0.6,0.0,0.0,1.0,1.0,0.143208,0.935701916094073,7,5,4
1.436,5.8,0.0,1.0,18.0,19.0,1.408994,1.0,1,8,4
2.344,10.0,0.0,31.0,0.0,31.0,2.4071,0.9737858834281916,2,15,6
0.394,1.8,0.0,1.0,0.0,1.0,0.43299,0.9099517309868588,5,17,4
0.348,1.4,0.0,0.0,1.0,1.0,0.3384079999999999,1.0,10,17,0
0.574,2.6,0.0,1.0,0.0,1.0,0.625274,0.9179975498741352,12,21,6
2.082,8.6,0.0,0.0,18.0,18.0,2.072084,1.0,1,16,6
3.314,14.0,0.0,36.0,18.0,54.0,3.3347999999999995,0.9937627443924676,10,16,1
0.518,2.6,0.0,2.0,1.0,3.0,0.62985,0.822418036040327,10,23,3
2.672,11.2,0.0,2.0,18.0,20.0,2.6652639999999996,1.0,1,18,4
0.504,2.2,0.0,0.0,0.0,0.0,0.540892,0.931794147445331,1,4,3
0.084,0.2,0.0,0.0,0.0,0.0,0.048918,1.0,8,22,6
0.326,1.4,0.0,1.0,0.0,1.0,0.3441619999999999,0.9472283401421424,11,5,1
1.294,5.2,0.0,0.0,18.0,18.0,1.259128,1.0,3,9,4
0.378,1.6,0.0,0.0,0.0,0.0,0.398752,0.947957627798732,1,6,3
0.378,1.6,0.0,0.0,0.0,0.0,0.387744,0.9748700173310224,10,3,4
2.966,12.2,0.0,1.0,18.0,19.0,2.957524,1.0,2,11,6
1.73,7.2,0.0,0.0,18.0,18.0,1.727352,1.0,5,19,6
0.456,2.0,0.0,2.0,0.0,2.0,0.47802,0.9539349817999248,10,11,2
0.328,1.6,0.0,1.0,0.0,1.0,0.385872,0.8500228054899034,6,17,4
0.738,3.0,0.0,0.0,1.0,1.0,0.74901,0.98530059678776,1,15,1
0.358,1.6,0.0,0.0,0.0,0.0,0.377504,0.9483343222853268,6,13,1
0.376,1.6,0.0,0.0,0.0,0.0,0.39864,0.943206903471804,1,3,0
0.222,1.0,0.0,0.0,0.0,0.0,0.2441299999999999,0.9093515749805432,9,23,5
0.15,0.6,0.0,0.0,0.0,0.0,0.144708,1.0,9,6,0
2.258,9.4,0.0,0.0,0.0,0.0,2.243498,1.0,1,7,3
0.432,1.8,0.0,0.0,0.0,0.0,0.4329,0.997920997920998,2,9,6
0.156,0.6,0.0,0.0,1.0,1.0,0.144558,1.0,8,3,1
2.022,9.0,4.0,0.0,19.0,23.0,2.1637799999999996,0.9344757784987384,1,13,6
0.216,0.8,0.0,0.0,0.0,0.0,0.198472,1.0,12,4,0
0.704,2.8,0.0,0.0,1.0,1.0,0.697284,1.0,1,15,4
0.342,1.6,0.0,0.0,0.0,0.0,0.386288,0.88534979082964,11,14,6
2.154,9.0,0.0,0.0,17.0,17.0,2.14614,1.0,12,11,6
0.472,2.2,0.0,0.0,0.0,0.0,0.5139640000000001,0.9183522581348108,7,7,2
0.244,1.0,0.0,0.0,1.0,1.0,0.24425,0.9989764585465712,5,0,5
0.236,1.0,0.0,1.0,0.0,1.0,0.2431299999999999,0.9706741249537284,8,12,2
0.22,1.0,0.0,1.0,0.0,1.0,0.24011,0.9162467202532172,7,15,2
1.46,6.0,0.0,0.0,18.0,18.0,1.46628,0.995717052677524,12,10,1
0.21,1.0,0.0,0.0,0.0,0.0,0.2445399999999999,0.8587552138709414,8,23,2
0.282,1.2,0.0,0.0,0.0,0.0,0.29436,0.9580105992662044,3,6,0
0.314,1.4,0.0,0.0,0.0,0.0,0.341082,0.92059973847931,3,0,1
0.44,1.8,0.0,0.0,1.0,1.0,0.440604,0.998629154524244,3,7,4
3.404,14.2,39.0,0.0,0.0,39.0,3.3957879999999996,1.0,12,12,0
1.408,5.8,0.0,0.0,18.0,18.0,1.393392,1.0,5,10,4
1.518,6.4,0.0,1.0,18.0,19.0,1.5359360000000002,0.988322430101254,3,1,0
1.66,6.6,2.0,2.0,19.0,23.0,1.624656,1.0,1,17,3
0.388,1.8,0.0,0.0,0.0,0.0,0.437202,0.8874616310080924,10,4,0
0.29,1.2,0.0,0.0,0.0,0.0,0.290988,0.9966046709829957,12,1,1
0.234,0.8,0.0,0.0,1.0,1.0,0.19656,1.0,10,2,1
1.348,5.6,0.0,0.0,18.0,18.0,1.3494879999999998,0.9988973595911932,11,10,6
0.426,1.8,0.0,1.0,1.0,2.0,0.434754,0.9798644750824604,10,0,5
1.416,6.0,0.0,1.0,17.0,18.0,1.43478,0.9869108852925188,7,14,5
1.39,5.8,0.0,0.0,18.0,18.0,1.391768,0.9987296733363604,3,9,3
0.318,1.4,0.0,0.0,1.0,1.0,0.341726,0.930570105874297,4,23,2
0.324,1.6,0.0,0.0,1.0,1.0,0.3824,0.8472803347280334,8,22,5
0.254,1.2,0.0,0.0,0.0,0.0,0.290004,0.8758499882760239,7,5,0
0.456,2.0,0.0,1.0,0.0,1.0,0.4866399999999999,0.9370376458984055,10,13,6
1.354,5.6,0.0,0.0,18.0,18.0,1.3401919999999998,1.0,6,20,5
4.622,19.8,0.0,14.0,17.0,31.0,4.6468620000000005,0.9946497227591437,3,20,6
0.254,1.2,0.0,0.0,0.0,0.0,0.2884199999999999,0.8806601483947023,8,20,4
0.224,1.0,0.0,0.0,1.0,1.0,0.23776,0.9421265141318976,6,11,3
1.706,7.2,0.0,0.0,17.0,17.0,1.713816,0.9954394170669428,3,7,4
0.304,1.2,0.0,0.0,0.0,0.0,0.289728,1.0,3,18,0
0.324,1.4,0.0,0.0,0.0,0.0,0.342916,0.9448378028438452,2,16,0
0.548,2.4,0.0,1.0,0.0,1.0,0.588072,0.9318586839706704,1,4,5
4.894,21.8,0.0,53.0,16.0,69.0,5.003972,0.9780230584823416,7,19,3
0.824,3.4,0.0,0.0,0.0,0.0,0.8146059999999999,1.0,8,5,1
0.566,2.4,0.0,2.0,0.0,2.0,0.5704079999999999,0.9922721981458886,11,21,3
1.364,5.6,0.0,0.0,18.0,18.0,1.378776,0.9892832483304032,2,3,6
1.916,8.0,0.0,0.0,18.0,18.0,1.91448,1.0,5,9,4
2.182,9.0,0.0,1.0,19.0,20.0,2.1607200000000004,1.0,11,21,1
1.462,6.0,0.0,0.0,19.0,19.0,1.4466,1.0,9,16,4
1.356,5.4,0.0,0.0,19.0,19.0,1.31868,1.0,4,11,0
0.582,2.6,0.0,0.0,0.0,0.0,0.6152380000000001,0.9459753786339594,10,18,6
2.7,11.6,0.0,0.0,0.0,0.0,2.7393400000000003,0.9856388765177012,1,20,2
0.16,0.6,0.0,0.0,0.0,0.0,0.145692,1.0,6,2,6
1.28,5.2,0.0,0.0,18.0,18.0,1.254032,1.0,10,9,4
1.462,6.4,0.0,0.0,16.0,16.0,1.4933760000000005,0.9789898860032568,8,10,3
0.31,1.6,0.0,0.0,0.0,0.0,0.386976,0.8010832713139832,8,14,2
0.418,1.8,0.0,1.0,0.0,1.0,0.44064,0.9486201888162672,3,3,1
2.408,10.0,0.0,0.0,18.0,18.0,2.3919,1.0,5,21,1
0.772,3.2,0.0,0.0,1.0,1.0,0.788384,0.9792182489751188,4,22,0
1.164,4.8,0.0,0.0,17.0,17.0,1.144128,1.0,6,8,0
2.73,11.4,0.0,1.0,0.0,1.0,2.7271080000000003,1.0,2,5,5
1.064,4.8,0.0,0.0,11.0,11.0,1.172784,0.907242936465709,11,6,3
0.854,3.8,0.0,0.0,0.0,0.0,0.91086,0.9375754781195794,2,18,5
0.358,1.4,0.0,0.0,0.0,0.0,0.3472979999999999,1.0,12,13,6
0.768,3.6,0.0,10.0,1.0,11.0,0.904284,0.8492907095558475,12,15,2
0.406,2.0,0.0,1.0,1.0,2.0,0.47898,0.847634556766462,7,4,5
2.516,10.4,0.0,1.0,19.0,20.0,2.512744,1.0,10,20,5
0.374,1.6,0.0,1.0,0.0,1.0,0.386,0.9689119170984456,10,15,3
2.352,9.6,1.0,0.0,1.0,2.0,2.327616,1.0,9,21,1
0.236,1.0,0.0,0.0,0.0,0.0,0.24256,0.9729551451187336,8,20,2
2.16,9.2,0.0,1.0,0.0,1.0,2.190336,0.9861500701262274,1,19,2
0.738,3.2,0.0,0.0,0.0,0.0,0.7701760000000001,0.9582225361475816,2,9,0
0.27,1.2,0.0,0.0,1.0,1.0,0.290196,0.9304056568663938,8,13,0
1.268,5.2,0.0,0.0,18.0,18.0,1.249248,1.0,1,10,0
1.756,7.2,0.0,1.0,0.0,1.0,1.75752,0.9991351449770132,11,0,5
1.384,6.0,0.0,0.0,1.0,1.0,1.43784,0.9625549435264006,1,19,5
0.232,1.0,0.0,0.0,0.0,0.0,0.24596,0.94324280370792,2,4,2
0.356,1.4,0.0,0.0,0.0,0.0,0.3367699999999999,1.0,5,13,0
0.858,3.6,0.0,0.0,1.0,1.0,0.865404,0.9914444583108004,5,22,6
1.444,6.0,1.0,0.0,1.0,2.0,1.44402,0.9999861497763188,10,19,6
1.538,6.4,0.0,1.0,19.0,20.0,1.532736,1.0,5,10,4
0.286,1.2,0.0,0.0,1.0,1.0,0.2899199999999999,0.986479028697572,9,3,5
0.324,1.6,0.0,0.0,0.0,0.0,0.383504,0.8448412532854938,5,14,1
0.53,2.4,0.0,0.0,0.0,0.0,0.5831040000000001,0.9089287674239928,11,10,6
0.354,1.6,0.0,2.0,1.0,3.0,0.388416,0.9113939693524468,7,22,0
1.294,5.2,0.0,0.0,18.0,18.0,1.256268,1.0,4,14,6
0.084,0.2,0.0,0.0,1.0,1.0,0.048832,1.0,8,22,1
3.518,14.6,0.0,35.0,17.0,52.0,3.505022,1.0,12,14,5
0.278,1.4,0.0,0.0,0.0,0.0,0.3373719999999999,0.8240162194847233,6,15,1
1.718,7.2,0.0,0.0,0.0,0.0,1.7074079999999998,1.0,1,18,2
4.696,20.0,37.0,0.0,18.0,55.0,4.6692,1.0,4,20,6
1.388,5.8,0.0,1.0,0.0,1.0,1.387476,1.0,6,21,2
2.808,11.6,0.0,0.0,19.0,19.0,2.793628,1.0,12,19,6
1.242,5.0,0.0,0.0,19.0,19.0,1.2117,1.0,8,1,1
4.81,20.2,37.0,2.0,18.0,57.0,4.790227999999999,1.0,6,22,0
1.954,8.2,0.0,1.0,18.0,19.0,1.981776,0.9859842888399094,11,20,4
3.068,13.0,0.0,2.0,18.0,20.0,3.09478,0.9913467193144584,1,19,1
0.952,4.0,0.0,2.0,12.0,14.0,0.95944,0.9922454765279746,6,15,2
3.066,13.2,0.0,27.0,18.0,45.0,3.175788,0.9654296823339592,3,15,3
2.404,9.8,0.0,1.0,0.0,1.0,2.3693460000000006,1.0,1,2,6
1.38,5.6,0.0,0.0,19.0,19.0,1.346688,1.0,11,10,0
1.4,5.8,0.0,1.0,0.0,1.0,1.427728,0.980578933802517,11,1,0
1.386,5.6,0.0,0.0,19.0,19.0,1.360072,1.0,4,14,5
0.472,2.2,0.0,1.0,1.0,2.0,0.53317,0.8852711142787477,10,2,2
1.42,6.0,0.0,0.0,0.0,0.0,1.4266800000000002,0.995317800768217,12,7,3
1.386,6.0,0.0,1.0,17.0,18.0,1.39812,0.9913312162046176,5,14,6
1.954,8.2,0.0,1.0,29.0,30.0,1.967918,0.9929275508430738,6,12,2
2.232,9.2,0.0,1.0,17.0,18.0,2.196316,1.0,1,8,2
1.426,6.0,0.0,0.0,18.0,18.0,1.43304,0.9950873667169096,3,11,0
0.28,1.2,0.0,0.0,0.0,0.0,0.298632,0.9376088295962924,12,2,1
0.646,2.8,0.0,0.0,0.0,0.0,0.6765359999999999,0.9548641905234904,5,4,6
0.35,1.4,0.0,0.0,0.0,0.0,0.341712,1.0,11,7,2
0.398,1.8,0.0,0.0,0.0,0.0,0.441072,0.9023470091050896,10,0,3
0.348,1.8,0.0,1.0,1.0,2.0,0.439218,0.7923172547573186,9,23,3
1.752,7.4,0.0,0.0,18.0,18.0,1.747658,1.0,2,19,6
0.228,1.0,0.0,0.0,1.0,1.0,0.24294,0.938503334156582,7,4,0
0.366,1.6,0.0,0.0,1.0,1.0,0.387168,0.945326060004959,10,17,1
1.546,6.4,2.0,1.0,19.0,22.0,1.542272,1.0,12,10,0
4.688,19.6,0.0,36.0,17.0,53.0,4.655588000000001,1.0,12,16,6
0.24,1.0,0.0,0.0,0.0,0.0,0.24864,0.9652509652509652,1,2,2
0.252,1.2,0.0,0.0,0.0,0.0,0.295236,0.8535544445799292,1,5,6
0.382,1.6,0.0,0.0,0.0,0.0,0.384992,0.9922284099409858,10,17,5
0.322,1.6,0.0,0.0,1.0,1.0,0.383792,0.8389961228999041,7,21,4
0.278,1.2,0.0,0.0,0.0,0.0,0.288432,0.963832029733178,11,15,5
1.47,6.0,0.0,1.0,17.0,18.0,1.44972,1.0,2,13,4
1.578,6.6,0.0,1.0,17.0,18.0,1.578522,0.99966931091236,12,10,4
1.646,6.8,0.0,0.0,0.0,0.0,1.671032,0.9850200355229582,12,7,0
0.37,1.6,0.0,0.0,1.0,1.0,0.382208,0.9680592766242464,7,22,6
0.412,1.8,0.0,1.0,0.0,1.0,0.440676,0.9349272481369532,3,17,3
1.5,6.4,0.0,3.0,17.0,20.0,1.480448,1.0,6,8,2
3.18,13.2,0.0,33.0,19.0,52.0,3.234132,0.9832622787196073,11,15,4
2.012,8.4,0.0,0.0,18.0,18.0,2.01432,0.9988482465546684,5,20,5
1.354,5.6,0.0,1.0,18.0,19.0,1.333136,1.0,6,12,0
0.224,1.0,0.0,0.0,1.0,1.0,0.24312,0.9213557091148404,8,18,3
1.412,5.8,0.0,0.0,18.0,18.0,1.395654,1.0,11,13,6
0.332,1.6,0.0,1.0,1.0,2.0,0.382672,0.8675837270560689,7,20,1
0.12,0.6,0.0,0.0,0.0,0.0,0.1438559999999999,0.8341675008341676,6,9,5
1.888,7.8,0.0,0.0,18.0,18.0,1.877694,1.0,12,12,2
2.698,11.4,0.0,0.0,16.0,16.0,2.669196,1.0,3,19,1
0.298,1.4,0.0,0.0,0.0,0.0,0.3417959999999999,0.8718650891174854,3,3,4
0.338,1.4,0.0,0.0,0.0,0.0,0.331926,1.0,5,5,4
0.402,1.8,0.0,0.0,0.0,0.0,0.4383539999999999,0.917067028018451,3,3,3
0.838,3.4,0.0,2.0,0.0,2.0,0.816816,1.0,10,7,3
0.37,1.6,0.0,0.0,1.0,1.0,0.392576,0.9424926638408868,1,4,4
0.256,1.0,0.0,0.0,1.0,1.0,0.2429,1.0,4,12,0
0.512,2.6,0.0,2.0,0.0,2.0,0.614874,0.8326909252952637,11,17,1
1.47,6.0,1.0,0.0,0.0,1.0,1.4619000000000002,1.0,12,0,1
0.374,1.8,0.0,1.0,0.0,1.0,0.433602,0.8625421469458167,9,17,5
1.986,8.4,0.0,0.0,18.0,18.0,1.99332,0.9963277346336764,10,0,0
2.552,10.6,0.0,37.0,1.0,38.0,2.556826,0.9981125035493223,9,12,5
1.668,7.2,0.0,1.0,22.0,23.0,1.716768,0.9715931331432084,9,10,1
0.232,1.0,0.0,0.0,1.0,1.0,0.23935,0.9692918320451224,6,5,4
1.282,5.2,0.0,0.0,18.0,18.0,1.241864,1.0,5,9,4
0.536,2.8,0.0,0.0,1.0,1.0,0.678356,0.7901455872727595,8,16,6
2.062,8.6,0.0,0.0,28.0,28.0,2.062882,0.9995724428251348,5,22,4
0.296,1.2,0.0,0.0,0.0,0.0,0.296844,0.99715675573702,12,4,1
0.302,1.4,0.0,0.0,1.0,1.0,0.334138,0.9038181829064638,6,11,4
0.718,3.0,0.0,0.0,1.0,1.0,0.71949,0.9979290886600232,10,4,0
0.88,3.6,0.0,0.0,0.0,0.0,0.86526,1.0,5,9,6
1.662,6.8,1.0,0.0,18.0,19.0,1.634448,1.0,11,9,4
2.32,10.2,0.0,1.0,17.0,18.0,2.4122999999999997,0.9617377606433696,1,18,1
0.906,3.8,0.0,0.0,1.0,1.0,0.90915,0.9965352252103612,8,16,6
0.22,1.0,0.0,0.0,1.0,1.0,0.24269,0.9065062425316248,7,20,2
0.5,2.2,0.0,0.0,1.0,1.0,0.5215980000000001,0.9585926326404623,9,19,1
0.5,2.4,0.0,1.0,1.0,2.0,0.572688,0.8730757410666891,7,21,0
1.398,5.8,0.0,2.0,18.0,20.0,1.383648,1.0,7,14,3
2.682,11.2,0.0,4.0,18.0,22.0,2.664256,1.0,1,18,5
0.274,1.2,0.0,0.0,0.0,0.0,0.287352,0.953534341156491,7,6,0
0.322,1.4,0.0,1.0,1.0,2.0,0.339122,0.9495107955249144,5,16,3
0.472,2.2,0.0,2.0,0.0,2.0,0.530288,0.8900823703346106,4,1,1
0.08,0.2,0.0,0.0,0.0,0.0,0.047956,1.0,8,6,0
0.236,1.0,0.0,0.0,1.0,1.0,0.2420699999999999,0.974924608584294,10,0,5
0.534,2.2,0.0,0.0,1.0,1.0,0.5434000000000001,0.9827015090172984,10,8,3
0.416,1.8,0.0,0.0,1.0,1.0,0.437706,0.9504096356915372,4,17,2
0.81,3.4,0.0,0.0,0.0,0.0,0.8285799999999999,0.9775760940404068,8,21,1
0.31,1.4,0.0,1.0,0.0,1.0,0.335916,0.9228497600590624,9,1,5
0.244,1.0,0.0,2.0,0.0,2.0,0.23997,1.0,8,16,0
3.772,15.8,0.0,2.0,18.0,20.0,3.767352,1.0,2,9,6
1.522,6.2,0.0,0.0,18.0,18.0,1.487876,1.0,10,12,3
0.082,0.2,0.0,0.0,0.0,0.0,0.0483,1.0,8,1,6
0.416,1.8,0.0,2.0,0.0,2.0,0.4431599999999999,0.938712880223847,2,15,1
1.75,7.2,0.0,1.0,0.0,1.0,1.736928,1.0,12,10,0
1.308,5.4,0.0,0.0,19.0,19.0,1.2998880000000002,1.0,6,9,2
0.152,0.8,0.0,0.0,1.0,1.0,0.192416,0.7899550972892065,8,20,6
1.318,5.4,0.0,0.0,17.0,17.0,1.285254,1.0,10,10,3
0.392,1.6,0.0,1.0,1.0,2.0,0.3996,0.980980980980981,1,15,0
2.482,10.4,0.0,0.0,17.0,17.0,2.456792,1.0,1,18,3
0.364,1.6,0.0,0.0,0.0,0.0,0.384976,0.945513486555006,11,13,4
0.298,1.4,0.0,1.0,0.0,1.0,0.3408159999999999,0.8743720952067979,7,21,4
1.482,6.2,0.0,0.0,18.0,18.0,1.483102,0.9992569627712724,11,10,3
0.32,1.6,0.0,1.0,1.0,2.0,0.383264,0.8349336227769892,8,5,2
0.34,1.4,0.0,0.0,0.0,0.0,0.346388,0.9815582525953556,4,14,4
0.258,1.0,0.0,0.0,1.0,1.0,0.24625,1.0,2,6,0
0.252,1.0,0.0,0.0,0.0,0.0,0.2458199999999999,1.0,1,6,2
0.948,4.0,0.0,0.0,1.0,1.0,0.97172,0.9755896760383648,10,21,4
4.11,17.6,37.0,0.0,16.0,53.0,4.10168,1.0,1,11,5
0.282,1.2,0.0,1.0,1.0,2.0,0.295008,0.9559062805076473,9,0,5
1.502,6.4,0.0,2.0,18.0,20.0,1.519168,0.9886990773897292,6,11,2
0.268,1.0,0.0,0.0,1.0,1.0,0.23975,1.0,10,14,0
1.888,7.6,0.0,1.0,19.0,20.0,1.856452,1.0,2,8,6
1.894,8.0,0.0,0.0,17.0,17.0,1.902,0.9957939011566772,4,8,4
0.308,1.4,0.0,0.0,0.0,0.0,0.3420479999999999,0.9004584151931894,11,23,5
1.598,6.6,0.0,1.0,19.0,20.0,1.59489,1.0,4,20,5
1.39,5.6,0.0,0.0,18.0,18.0,1.3529599999999995,1.0,3,1,1
0.666,3.2,0.0,2.0,0.0,2.0,0.769504,0.8654925770366366,3,13,0
1.926,8.0,1.0,0.0,17.0,18.0,1.91448,1.0,1,20,4
1.548,6.4,0.0,0.0,18.0,18.0,1.541696,1.0,4,16,6
0.508,2.4,0.0,0.0,1.0,1.0,0.5778719999999999,0.8790874103607721,9,8,6
1.306,5.4,0.0,0.0,19.0,19.0,1.30005,1.0,3,13,0
1.88,8.0,0.0,0.0,17.0,17.0,1.91544,0.981497723760598,4,10,6
0.156,0.6,0.0,0.0,1.0,1.0,0.145278,1.0,5,4,2
0.968,4.2,0.0,2.0,1.0,3.0,1.01493,0.953760357857192,4,4,1
1.528,6.2,0.0,0.0,19.0,19.0,1.4980440000000002,1.0,5,9,5
0.386,2.0,0.0,0.0,0.0,0.0,0.48156,0.8015615914943102,6,12,2
1.448,6.0,0.0,0.0,1.0,1.0,1.44036,1.0,7,5,6
0.416,2.2,0.0,1.0,0.0,1.0,0.526306,0.7904147017134517,7,0,0
1.988,8.4,0.0,0.0,17.0,17.0,1.978704,1.0,3,12,6
0.208,0.8,0.0,0.0,0.0,0.0,0.189312,1.0,5,3,3
0.378,1.6,0.0,1.0,0.0,1.0,0.381552,0.990690652912316,4,20,5
2.176,9.2,0.0,2.0,0.0,2.0,2.185368,0.9957133077815729,12,19,5
0.184,0.8,0.0,0.0,0.0,0.0,0.19236,0.956539821168642,9,2,4
1.232,5.0,1.0,0.0,17.0,18.0,1.1897,1.0,5,23,4
1.444,6.0,0.0,0.0,18.0,18.0,1.4373000000000002,1.0,4,11,3
0.168,0.8,0.0,0.0,0.0,0.0,0.191152,0.8788817276303674,7,12,1
0.23,1.0,0.0,0.0,0.0,0.0,0.24311,0.9460737937559128,12,12,3
0.156,0.6,0.0,0.0,1.0,1.0,0.144474,1.0,6,10,6
1.392,5.6,0.0,0.0,18.0,18.0,1.371216,1.0,4,0,1
0.232,1.0,0.0,2.0,1.0,3.0,0.24061,0.964215951124226,8,1,5
0.468,2.0,0.0,0.0,0.0,0.0,0.48834,0.9583486914854406,5,16,5
0.35,1.4,0.0,0.0,0.0,0.0,0.3364339999999999,1.0,4,12,6
0.986,5.6,0.0,1.0,1.0,2.0,1.362984,0.723412747324987,9,17,6
1.292,5.2,0.0,0.0,18.0,18.0,1.249092,1.0,10,11,4
0.264,1.0,0.0,0.0,1.0,1.0,0.2483,1.0,10,14,1
3.71,15.2,47.0,0.0,1.0,48.0,3.726432,0.9955904200049808,12,15,4
2.768,12.4,0.0,0.0,0.0,0.0,2.8941600000000003,0.9564087680017688,3,20,2
0.46,2.0,0.0,1.0,1.0,2.0,0.48616,0.9461905545499424,12,17,4
2.114,9.0,0.0,1.0,17.0,18.0,2.12769,0.9935657920091744,5,23,1
1.374,5.6,0.0,1.0,18.0,19.0,1.344728,1.0,1,10,5
0.15,0.6,0.0,0.0,1.0,1.0,0.146412,1.0,10,2,6
0.162,1.0,0.0,0.0,0.0,0.0,0.24111,0.6718924972004479,8,3,0
0.84,3.4,0.0,1.0,1.0,2.0,0.819298,1.0,3,17,1
3.778,15.8,0.0,39.0,18.0,57.0,3.778412,0.9998909594824492,8,19,1
0.192,1.0,0.0,0.0,0.0,0.0,0.23456,0.8185538881309686,8,16,0
0.674,2.8,0.0,1.0,0.0,1.0,0.6754439999999999,0.9978621469729544,3,23,6
0.406,1.8,0.0,1.0,1.0,2.0,0.433404,0.93677031130308,6,19,6
0.304,1.2,0.0,0.0,1.0,1.0,0.293616,1.0,5,13,2
1.422,5.8,0.0,0.0,17.0,17.0,1.384982,1.0,3,11,5
1.34,5.6,0.0,0.0,18.0,18.0,1.334984,1.0,7,20,5
0.314,1.2,0.0,0.0,1.0,1.0,0.2991,1.0,1,13,0
1.842,7.6,0.0,0.0,12.0,12.0,1.811916,1.0,9,20,2
1.632,6.8,0.0,2.0,18.0,20.0,1.629416,1.0,9,13,6
0.648,2.8,0.0,0.0,0.0,0.0,0.670544,0.9663795366150468,2,11,6
0.424,2.2,0.0,2.0,0.0,2.0,0.532202,0.7966899786171416,5,6,2
0.128,0.6,0.0,0.0,0.0,0.0,0.144504,0.8857886286884793,6,23,6
0.326,1.4,0.0,0.0,1.0,1.0,0.336854,0.9677783253278868,3,1,5
0.146,0.6,0.0,0.0,1.0,1.0,0.1454399999999999,1.0,9,21,6
0.274,1.4,0.0,1.0,1.0,2.0,0.3405499999999999,0.8045808251358099,7,19,4
1.862,7.8,0.0,0.0,17.0,17.0,1.846494,1.0,12,10,5
0.538,2.6,0.0,0.0,0.0,0.0,0.620074,0.8676383786451295,9,19,4
0.08,0.2,0.0,0.0,1.0,1.0,0.048116,1.0,8,0,6
0.428,1.8,0.0,2.0,1.0,3.0,0.4376879999999999,0.9778655115059128,10,22,3
0.47,2.2,1.0,0.0,0.0,1.0,0.537658,0.8741616417871584,12,16,6
5.542,23.8,37.0,6.0,17.0,60.0,5.5473040000000005,0.999043859864179,10,19,6
0.172,0.8,0.0,0.0,1.0,1.0,0.193768,0.8876594690557779,5,5,0
1.464,6.0,0.0,0.0,19.0,19.0,1.44654,1.0,5,13,5
0.204,0.8,0.0,0.0,0.0,0.0,0.193056,1.0,10,5,1
1.448,6.0,0.0,0.0,18.0,18.0,1.44468,1.0,2,13,1
1.274,5.2,0.0,0.0,18.0,18.0,1.2565800000000005,1.0,9,9,1
1.282,5.4,0.0,0.0,1.0,1.0,1.2837960000000002,0.9986010238386784,10,22,3
3.716,15.8,0.0,0.0,18.0,18.0,3.741756,0.9931166008686833,2,20,5
0.812,3.4,0.0,0.0,11.0,11.0,0.8274579999999999,0.9813186892869488,8,3,0
0.33,1.4,0.0,0.0,0.0,0.0,0.336644,0.9802640177754542,11,4,4
0.356,1.6,0.0,0.0,0.0,0.0,0.37696,0.9443972835314092,6,4,2
1.42,5.8,0.0,0.0,19.0,19.0,1.42651,0.9954364147464791,2,16,3
0.338,1.6,0.0,0.0,0.0,0.0,0.385696,0.8763378412013606,10,12,1
2.488,11.0,0.0,0.0,19.0,19.0,2.67685,0.9294506602910138,1,14,4
0.298,1.2,0.0,0.0,0.0,0.0,0.2809919999999999,1.0,5,10,3
1.546,6.4,0.0,1.0,1.0,2.0,1.5554560000000002,0.993920753785385,4,2,6
0.234,1.0,0.0,0.0,1.0,1.0,0.24222,0.9660639088432004,5,23,4
0.348,1.4,0.0,0.0,1.0,1.0,0.3400879999999999,1.0,4,19,4
4.864,20.8,1.0,38.0,17.0,56.0,4.879264,0.9968716593322272,2,20,1
0.956,4.2,0.0,1.0,0.0,1.0,1.021608,0.9357796728295,11,16,3
0.344,1.6,0.0,1.0,1.0,2.0,0.38592,0.8913764510779435,9,1,3
0.746,3.2,0.0,1.0,0.0,1.0,0.754048,0.9893269393990832,6,20,3
1.674,7.0,0.0,1.0,18.0,19.0,1.68511,0.9934069585961748,6,14,1
0.414,2.0,0.0,2.0,0.0,2.0,0.48802,0.848325888283267,3,9,6
0.304,1.2,0.0,0.0,0.0,0.0,0.295308,1.0,1,8,6
0.218,1.0,0.0,0.0,1.0,1.0,0.2414099999999999,0.9030280435773168,7,5,1
0.348,1.6,0.0,0.0,0.0,0.0,0.38592,0.901741293532338,4,3,5
0.468,2.4,0.0,2.0,0.0,2.0,0.576048,0.8124322973085577,7,17,2
5.862,24.6,39.0,0.0,0.0,39.0,5.869560000000001,0.99871199885511,12,16,0
0.138,0.6,0.0,0.0,0.0,0.0,0.1451819999999999,0.9505310575691204,6,12,0
1.396,5.8,0.0,0.0,18.0,18.0,1.3982640000000002,0.9983808493961082,12,7,5
0.714,3.0,0.0,0.0,1.0,1.0,0.71748,0.9951496905837096,5,19,6
0.248,1.2,0.0,0.0,0.0,0.0,0.2899679999999999,0.8552667880593722,7,1,6
0.294,1.2,0.0,0.0,0.0,0.0,0.2904359999999999,1.0,3,4,1
0.424,2.0,0.0,1.0,1.0,2.0,0.47902,0.8851404951776544,5,14,4
2.304,9.4,0.0,0.0,0.0,0.0,2.271228,1.0,1,5,6
1.902,7.8,0.0,0.0,30.0,30.0,1.888692,1.0,6,23,2
0.446,2.0,0.0,1.0,1.0,2.0,0.48928,0.9115434924787444,11,5,3
1.964,8.6,0.0,0.0,18.0,18.0,2.0491219999999997,0.9584592815849912,4,9,4
1.24,5.2,0.0,0.0,17.0,17.0,1.232764,1.0,10,10,3
0.992,4.0,0.0,0.0,0.0,0.0,0.9658,1.0,10,23,1
2.958,12.4,0.0,1.0,18.0,19.0,2.951572,1.0,2,20,3
1.792,7.4,0.0,0.0,0.0,0.0,1.770228,1.0,12,21,1
2.344,9.6,0.0,0.0,17.0,17.0,2.313024,1.0,3,20,3
4.754,20.6,0.0,35.0,16.0,51.0,4.804126,0.9895660521809794,2,15,1
1.408,5.8,0.0,3.0,18.0,21.0,1.383996,1.0,9,8,1
1.796,7.4,0.0,0.0,18.0,18.0,1.779034,1.0,2,13,4
1.428,5.8,0.0,0.0,18.0,18.0,1.414446,1.0,1,9,2
1.416,5.8,0.0,1.0,19.0,20.0,1.4114299999999995,1.0,4,13,5
0.296,1.2,0.0,0.0,0.0,0.0,0.29796,0.9934219358303128,1,3,2
2.728,11.2,39.0,1.0,0.0,40.0,2.71208,1.0,1,14,5
0.488,2.2,0.0,1.0,1.0,2.0,0.53119,0.9186919934486716,5,8,4
0.238,1.0,0.0,0.0,0.0,0.0,0.2362199999999999,1.0,7,4,2
0.21,0.8,0.0,0.0,0.0,0.0,0.195616,1.0,12,6,2
1.398,5.8,0.0,0.0,18.0,18.0,1.4044119999999998,0.9954343881994744,7,9,1
0.106,0.4,0.0,0.0,0.0,0.0,0.095692,1.0,8,7,2
1.704,7.2,0.0,1.0,18.0,19.0,1.707984,0.9976674254559762,10,11,2
2.12,9.2,1.0,2.0,17.0,20.0,2.1936479999999996,0.9664267010933388,12,10,5
1.174,4.8,0.0,0.0,18.0,18.0,1.14672,1.0,9,7,6
0.244,1.0,0.0,0.0,0.0,0.0,0.2421299999999999,1.0,4,3,3
